doc_id,text,p_green,u,llm_green_suggested,llm_confidence,llm_rationale,human_label_is_green,human_notes
9643989,1. A method of preparing a MX 2 L q complex comprising: reacting a ruthenium (IV) hexahalo complex that comprises a [RuX wherein M is ruthenium; wherein X wherein X is a halogen atom selected from the group consisting of Cl and Br; wherein y is an integer value from 1 to 6; and wherein q is 3.,0.4998766724841906,0.9997533449683812,1,,Model response: Yes,0,
8858955,"1. A method of making an immunogenic composition comprising a conjugation step of conjugating a saccharide to a protein carrier to make a saccharide-protein conjugate using carbodiimide condensation chemistry, wherein the saccharide comprises, or has been derivatised to comprise, amino and/or carboxyl groups, and wherein the protein carrier comprises, or has been derivatised to comprise, amino and/or carboxyl groups, comprising the steps of: I) if the protein carrier comprises both amino and carboxyl groups and the saccharide comprises either amino or carboxyl groups: a) mixing the saccharide and aliquot of carbodiimide required to perform the conjugation, and b) adding aliquot of the protein carrier required over a time period of 35 seconds to 6 hours to form a saccharide-protein conjugate; II) if the saccharide comprises both amino and carboxyl groups and the protein carrier comprises either amino or carboxyl groups: a) mixing the protein carrier and aliquot of carbodiimide required to perform the conjugation, and b) adding aliquot of saccharide required over a time period of 10 minutes to 4 hours to form a saccharide-protein conjugate; and III) if the saccharide comprises both amino and carboxyl groups and the protein carrier comprises both amino and carboxyl groups: a) mixing the protein carrier and the saccharide, and b) adding aliquot of carbodiimide required to perform the conjugation over a time period of 35 seconds to 6 hours to form a saccharide-protein conjugate; and a further step of mixing the saccharide-protein conjugate of I), II), or III) with a staphylococcal antigen.",0.4997593737555614,0.9995187475111228,1,,Model response: Yes,0,
9068052,"1. A polymerizable composition comprising a cycloolefin monomer mixture, a metathesis polymerization catalyst, and a crosslinking agent, the cycloolefin monomer mixture including a compound represented by a formula (I) and an additional cycloolefin compound, the polymerizable composition producing a crosslinkable resin having a modulus of elasticity at 100° C. and a modulus of elasticity at 140° C. of 1.0×10 wherein R 1 , R 2 , and R 3 are independently a hydrogen atom or a hydrocarbon group having 1 to 20 carbon atoms, R 4 is a hydrogen atom or a methyl group, A is a single bond or a divalent organic group having 1 to 20 carbon atoms, and p is 0, 1, or 2.",0.4997500160731964,0.9995000321463928,0,,Model response: No,0,
9410361,"1. A fire resistant composite product comprising: a composite comprising gypsum in an amount sufficient to provide fire resistance wherein the amount is 60 to 90% by weight, fibers in an amount of 1.5 to 26% by weight substantially homogeneously distributed through the composite, and a rheology-modifying agent in an amount of 0.5 to 6% by weight; wherein the fibers comprise glass fibers, cellulose fibers, polyvinyl alcohol fibers and polypropylene fibers; wherein the rheology-modifying agent comprises hydroxypropoyl methyl celluose (HPMC), methyl hydroxyethyl cellulose (MHEC), hydroxyethyl cellulose (HEC) or carboxymethyl cellulose (CMC); the composite is caused or allowed to cure to form a cured composite; and the cured composite is a fire resistant component used in a fire-rated door core, a fire-rated door or a fire-rated building panel, wherein the fire resistant component is selected from a building panel, a door panel, a door core, a door rail, a door stile, a door lock block, a door border, and a door insert.",0.4997442741924823,0.9994885483849648,0,,Model response: No,0,
9406738,"1. An inductor for an integrated circuit, the inductor comprising: a first turn comprising a first through silicon via (TSV) coupled to a second TSV; and a third TSV coupled to the second TSV, wherein: the first TSV comprises a first end and a second end; the second TSV comprises a first end and a second end; the second end of the first TSV is coupled to the second end of the second TSV using a first conductive material; the third TSV comprises a first end and a second end; the first end of the third TSV is coupled to the first end of the second TSV using a second conductive material; the first, second, and third TSVs are located within a first die; and at least one of the first conductive material or the second conductive material is formed within a different die of the integrated circuit coupled to the first die; wherein the inductor is solenoidal.",0.500362644066401,0.999274711867198,1,,Model response: Yes,0,
9179580,"1. A cooling apparatus, comprising: an outlet that supplies a chilled liquid to a data center; an inlet that receives return chilled liquid from the data center; a heat exchanger arranged downstream of the inlet that provides first cooling to the return chilled liquid; a chiller unit with an evaporator and a condenser, the evaporator arranged downstream of the heat exchanger with respect to the chilled liquid flow, the chiller unit configured to further cool the return chilled liquid to a predetermined temperature; a pressure difference sensor that measures a pressure difference between the chilled liquid supplied at the outlet and the return chilled liquid received at the inlet; a pump coupled between the heat exchanger and the evaporator that is configured to maintain a predetermined pressure difference between the chilled liquid supplied at the outlet and the return chilled liquid received at the inlet; a bypass line that connects the outlet of the evaporator to the inlet of the pump; control logic that is configured to control the chiller unit such that the return chilled liquid exiting the chiller unit is maintained at the predetermined temperature; and a liquid cooling loop that circulates a coolant; said cooling loop connecting the heat exchanger, the condenser, and a dry cooling tower in series; said cooling loop further comprising a bypass line arranged in parallel to the condenser.",0.5004060410067878,0.9991879179864244,1,,Model response: Yes,0,
9346766,"1. A method for the synthesis of N-protected 3,6-bis[4-aminoalkyl]-2,5-diketopiperazine comprising heating a solution comprising N-benzyloxycarbonyl-lysine and phosphorus pentoxide.",0.5004845454484026,0.9990309091031948,1,,Model response: Yes,0,
9730566,"1. A floor treatment apparatus, comprising: a chassis comprising a front, a back, a lower surface, a front surface adjacent the front, an upper surface, a rear surface located substantially behind a center point of the chassis, a left surface, and a right surface; a platform located partially between a portion of the right surface and the left surface and at least partially behind the rear surface, wherein the platform includes a top surface adapted to receive the feet of an operator; a throttle and an operator presence device associated with a portion of the top surface; one or more batteries electrically connected to an electric monowheel drive; a steering mechanism associated with the chassis and having a portion accessible to an operator; and a floor treating device connected adjacent to the lower surface of the chassis, the floor treating device configured to scrub floors, clean carpets, vacuum floors, wax floors, burnish floors, remove wax from a floor, or remove varnish from a floor.",0.5005106690098549,0.9989786619802904,1,,Model response: Yes,0,
9062548,"1. A rotary displacement system comprising: a chamber housing having a pressure-modifying chamber with a first port and a second port; a first passageway in fluid communication with the pressure-modifying chamber via the first port; a second passageway in fluid communication with the pressure-modifying chamber via the second port; a shaft positioned within the chamber housing and rotatable relative to the chamber housing about a rotational axis; a rotor positioned within the pressure-modifying chamber, wherein the rotor is alternately operable in a first mode in which a first volume of working fluid flow is provided from the second passageway to the first passageway via the pressure-modifying chamber and in a second mode in which a second volume of working fluid flow is provided from the first passageway to the second passageway via the pressure-modifying chamber; a heat exchanger positioned external to the pressure-modifying chamber and within at least one of the first passageway or the second passageway; and a pressure vessel having an inner surface and an outer surface, wherein the pressure vessel at least partially surrounds the chamber housing, the first passageway, the second passageway, and the heat exchanger, and further wherein the inner surface of the pressure vessel is positioned to contact at least one of the first volume of working fluid or the second volume of working fluid flowing through the rotary displacement system.",0.4994265327169382,0.9988530654338764,0,,Model response: No,0,
8625297,"1. A package structure comprising a substrate, a plurality of electronic components configured and structured on the substrate, a plurality of metal resilient units electrically connected to the substrate, and an encapsulation body encapsulating the plurality of electronic components and the plurality of resilient units together with the substrate; wherein each of the plurality of metal resilient units comprises a metal resilient element, and a first metal sheet and a second metal sheet respectively located at two ends of the metal resilient element, the first metal sheet is electrically connected to the substrate, and the second metal sheet is exposed out of an exterior surface of the encapsulation body; and wherein the resilient capability of the metal resilient element prevents epoxy resin from covering the second metal sheet to keep the second metal sheet in a stationary position of being exposed out of the exterior surface of the encapsulation body.",0.4992459052420741,0.9984918104841484,1,,Model response: Yes,0,
9189439,"1. A system-on-a-chip (SoC) comprising: a plurality of cores; interface logic coupled to the plurality of cores, wherein the interface logic is permanently configured during manufacture to enable the SoC either as a first product stock keeping unit (SKU) with a first number of cores or as a second product SKU with a second number of cores for product differentiation; a chipset logic coupled to the interface logic and including a memory controller to provide for communication with a memory coupled to the SoC; and a virtual firewall logic coupled between the chipset logic and one or more of the plurality of cores, wherein the one or more cores are to be disabled during normal operation to enable the SoC with the first product SKU based on the permanent configuration of the interface logic for the first product SKU.",0.5008647742492831,0.9982704515014338,1,,Model response: Yes,0,
9835343,"1. An exterior stadium temperature control system comprising: a plurality of stadium chairs located within an exterior stadium, each of said stadium chairs including a chair back and a chair seat; said stadium chairs being mounted in proximity with a vertical face of a stadium riser; a plurality of phase change material (PCM) units, wherein at least one unit of said plurality of PCM units being mounted to each of said plurality of said stadium chairs respectively, said PCM units each having a melting point between 23 degrees and 27 degrees Celsius (68 degrees to 80 degrees Fahrenheit); whereby an ambient temperature of said stadium is thereby controlled via said plurality of PCM units; said stadium chairs having hollow interior cavities; and said PCM units being placed within said interior cavities.",0.499098667427286,0.998197334854572,1,,Model response: Yes,1,
9287213,"1. An integrated circuit comprising: a semiconductor substrate disposed with a device therein and/or thereon; a contact structure in electrical contact with the device, wherein the contact structure includes a plug metal and a barrier layer, wherein the barrier layer is selected from fluorine-free tungsten (FFW), tungsten carbide, and tungsten nitride, and wherein the contact structure has an upper surface; a dielectric material overlying the semiconductor substrate; and an interconnect formed within the dielectric material and in electrical contact with the contact structure, wherein the interconnect is directly on the upper surface of the contact structure.",0.5009095336593553,0.9981809326812894,1,,Model response: Yes,0,
8588942,1. An apparatus comprising: a handheld computing device comprising:,0.5009247248742785,0.998150550251443,1,,Model response: Yes,0,
8703875,"1. A process for manufacturing an actinically crosslinkable prepolymer, comprising: (1) obtaining a reaction mixture comprising a first hydrophilic monomer, at least one polysiloxane-containing crosslinker, a second hydrophilic monomer, and a chain transfer agent having a first functional group and present in an amount to have a desired initial concentration, wherein the second hydrophilic monomer has a free radical chain reaction slower than that of the first hydrophilic monomer, wherein the first hydrophilic monomer is (C1-C4-alkyl)acrylamide, N,N-di-(C1-C4-alkyl)acrylamide, or mixture thereof; (2) adjusting the temperature of the reaction mixture in order to start the polymerization reaction; (3) dosing the chain transfer agent to the reaction mixture at a rate sufficient to have a concentration comparable to the desired initial concentration until a desired total amount of the chain transfer agent is added; (4) following the completion of the chain transfer agent dosing maintaining the reaction mixture at the reaction temperature in order to complete the reaction so as to obtain a copolymerization product with first functional groups; and (5) reacting an organic compound with the copolymerization product to form the crosslinkable prepolymer having ethylenically unsaturated groups, wherein the organic compound comprises an ethylenically unsaturated group and a second functional group, wherein the second functional group of the organic compound reacts with one of the first functional groups of the copolymerization product, wherein said crosslinkable prepolymer can be crosslinked to form a silicone hydrogel material, wherein the silicone hydrogel material having about 10% or less of non-volatile extractables.",0.5009915577160062,0.9980168845679876,1,,Model response: Yes,0,
8550253,"1. A filtration apparatus comprising: a filtration chamber; a sample introducing port configured to introduce a sample into the filtration chamber; a sample discharge port disposed at a position on an opposite side of the filtration chamber from the sample introducing port; an opening and closing mechanism disposed between the filtration chamber and the sample discharge port configured to open and close the sample discharge port; a filtration filter provided in the filtration chamber and configured to filter the sample introduced from the sample introducing port, the filter being disposed in such a way that its filter face is parallel to a flowing direction of the sample introduced from the sample introducing port when the sample discharge port is open; and a filtrate discharge port configured to discharge filtrate which has passed through the filtration filter.",0.5010499096388735,0.997900180722253,1,,Model response: Yes,0,
8627841,"1. A tank system mounted in a vehicle comprising: a high-pressure tank; a detection device that detects a temperature increase in at least a portion of the high-pressure tank; a decompression device that decompresses the high-pressure tank; and a control device that controls the decompression device to decompress the high-pressure tank when a temperature increase in the at least a portion of the high-pressure tank is detected by the detection device, a temperature sensing device that detects a temperature in at least a part of the vehicle, wherein the control device increases detection sensitivity of the detection device when the temperature detected by the temperature sensing device exceeds a predetermined temperature.",0.5011713511516147,0.9976572976967706,1,,Model response: Yes,0,
8547899,"1. A system for increasing wireless network throughput, the system comprising: a classifier that assigns a packet to one of a plurality of transmission queues; a first hierarchical scheduling module stored in a non-transitory computer-readable medium and that is executable by a processing device to select an assigned packet for transmission from one of the plurality of transmission queues in accordance with a strict priority schedule specifying an order of the transmission queues, the order based on packet content type; and a second hierarchical scheduling module stored in a non-transitory computer-readable medium and that is executable by a processing device to select a priority scheduled packet for transmission, wherein the selection is made in accordance with a weighted scheduling technique utilizing weighted round robin for determining a weight for each queue and assigning queue weights to stations within each transmission queue, wherein a failed packet is requeued for deferred retransmission at a station queue from which the failed packet originated.",0.4988074742834045,0.997614948566809,1,,Model response: Yes,0,
9748649,"1. An antenna module comprising: an antenna element which includes a first antenna radiator; and a C-shaped clip which includes a second antenna radiator, is formed of a metallic material, and electrically connects the first antenna radiator of the antenna element to a circuit board to process an antenna signal through the second antenna radiator, wherein the second antenna radiator has at least one of a meandering shape, a symmetrical line, and a spiral shape, and wherein the first antenna radiator resonates in a first frequency band, and the second antenna radiator resonates in a second frequency band which is different from the first frequency band.",0.4987470503291559,0.997494100658312,1,,Model response: Yes,0,
9156611,"1. A front loading garbage truck comprising: a chassis; a cab attached to said chassis; four or more wheels attached to said chassis; a movable arm attached to said chassis rests in the front of said cab and that can be moved to reach over said cab and terminates in a gripping means to grip a garbage receptacle; a large hollow body attached to said chassis and behind said cab for placement therein of garbage through movement of said arm; a horizontal channel that runs along both sides of said hollow body; a horizontal member that fits inside of said horizontal channel that is movable along said horizontal channel along said hollow body; a top blade that is attached to said horizontal member that is in a fixed vertical position; and a bottom blade that is attached to said horizontal member that is movable between a first vertical position and a second horizontal position; wherein a cab shield rests above said cab, said cab shield having a wedge shape with a first triangular shaped side portion, a second triangular shaped side portion wherein said first triangular portion and said second triangular portion form an angle, a back portion and a sloping top face portion extending from the top of said back portion along said angle of said first and second triangular shaped portions to said bottom portion and wherein said first and second triangular shaped portions contain a plurality of apertures for ventilation and wherein said sloping top face portion includes one or more rows containing a plurality of apertures for further ventilation.",0.4987342867515414,0.9974685735030828,1,,Model response: Yes,0,"funnily when searched on espacenet, a korean patent comes up that is green."
9357584,"1. A method, comprising: providing an in-band cellular radio access technology and an out-band radio access technology for use by at least one user equipment within the coverage area via at least one in-band cellular radio access link and at least one out-band radio access link, respectively, transmitting user data related to the in-band cellular radio access technology via a first cellular radio backhaul link and user data related to the out-band radio access technology via a second cellular radio backhaul link to at least one donor cellular system.",0.5013553648324593,0.9972892703350812,1,,Model response: Yes,0,
9695710,"1. A transfer bearing assembly including: a transfer bearing shaft; an oil transfer bearing surrounding the transfer bearing shaft, wherein the oil transfer bearing includes a stationary outer bearing and a rotating inner bearing attached to the transfer bearing shaft; and a radially extending tube attached to the transfer bearing shaft configured to engage a carrier on a speed reduction device.",0.5013974803690249,0.9972050392619504,1,,Model response: Yes,0,"it’s green rated, I would never had guessed."
8841994,"1. An intelligent traffic safety decision method based on comprehensive state detection, which is to supply an alarm information for a driver in the process of driving, wherein Firstly an influence of a person condition is considered, when t Secondly a vehicle condition is considered, When second alarm information is not triggered, otherwise the second alarm information is triggered, where an influence of a road condition is further considered, the second alarm information is not triggered, when Where, r",0.498578951377895,0.99715790275579,1,,Model response: Yes,0,"apprently green, what"
9745631,"1. A method for treating a subject having a cancer comprising an oncogenic Kras mutation, the method comprising detecting that a sample obtained from the subject comprises an elevated level of expression of ribulose-5-phosphate-3-epimerase (RPE) compared to a control sample lacking an oncogenic Kras mutation, and inhibiting RPE or ribose 5-phosphate isomerase A (RPIA) in the subject, thereby treating the subject.",0.501423696854216,0.997152606291568,1,,Model response: Yes,0,
9447102,"1. A compound of Formula 1: wherein R is selected from the group consisting of: wherein the alkyl, heteroalkyl, carbocyclyl and heterocyclyl may be further substituted; Y is E is oxygen, Z is X n is an integer from 0 to 2; m is an integer from 0 to 2; m′ is an integer from 0 to 2; W is selected from the group consisting of:",0.501446177503737,0.997107644992526,1,,Model response: Yes,0,
9198351,"1. A front attachment ( 1 ) for harvesting corn, for a self-propelled combine harvester, comprising harvesting devices ( intake conveyor mechanisms ( snapping devices ( a cross conveyor ( wherein one or more of the intake conveyor mechanisms ( wherein the at least one driven mechanism (",0.5014477290578178,0.9971045418843644,1,,Model response: Yes,0,
9011998,"1. A binary phase separated polymer blend comprising a mixture of: a) a first resin component comprising one or more polyaryl ether ketones; with, b) a second resin component comprising one or more polysulfone etherimides having greater than or equal to 50 mole% of the polymer linkages containing at least one aryl sulfone group and comprising the reaction product of a dianhydride monomer and a diamine monomer and: wherein the ratio of the first component to the second component, in parts by weight is from 99:1 to 60:40.",0.5014588292535578,0.9970823414928844,1,,Model response: Yes,0,
9804568,"1. A microsystem for setting the rate of a timepiece oscillator, comprising at least one wheel/inertia block arranged to pivot with respect to a base plate comprised in said microsystem, said wheel/inertia block comprising an off-centre unbalance and comprising a toothing, said microsystem comprising at least one actuator arranged to drive at least a first active click formed by a click arranged to drive a control wheel, a lever, or a click wheel, said active click being arranged to drive said toothing, and said microsystem comprising at least one means for stopping said toothing in position, wherein at least one said actuator is an optically controlled thermomechanical actuator arranged to convert a flow of light energy into a displacement of a control member comprised in said thermomechanical actuator, which control member carries a said first active click or directly controls a movement of a first said active click.",0.4984570883505627,0.9969141767011256,1,,Model response: Yes,0,
9285177,"1. RCWS (Remote Controlled Weapon System or Station) of the deck-penetrator type mountable to a carrier vehicle, comprising: at least one weapon system that is fed by a belt of rounds from the inside of an ammunition container that is positioned, at least substantially, in the RCWS,",0.5016169344142836,0.9967661311714328,1,,Model response: Yes,0,
9732434,"1. A method of electroplating nickel onto one or more semiconductor substrates, the method comprising: placing a semiconductor substrate in a cathode chamber of an electroplating cell having an anode chamber containing a substantially sulfur-free nickel anode; contacting an electrolyte solution having reduced oxygen concentration with the substantially sulfur-free nickel anode contained in the anode chamber; electroplating nickel from the electrolyte solution onto the semiconductor substrate placed in the cathode chamber, while the electrolyte solution in the cathode chamber is maintained at a predetermined pH range; sensing the pH of the electrolyte solution; and further reducing the oxygen concentration in the electrolyte solution prior to flowing it into the anode chamber when the sensed pH of the electrolyte solution is more than a predetermined threshold value.",0.4983769227025508,0.9967538454051016,0,,Model response: No,0,
9161974,"1. A method for adjuvant treatment of a mammal suffering from cancer, comprising: administering to the mammal an effective amount of a composition comprising an attenuated, metabolically active wherein prior to the administering step, the mammal previously had been administered cells from a human cell line expressing all or a portion of the cancer antigen, wherein said cells have been recombinantly modified to produce and secrete granulocyte macrophage colony stimulating factor, and wherein said cells have been modified to prevent the cells from dividing.",0.4980443689092186,0.9960887378184372,0,,Model response: No,0,
9084789,"1. A method of improving vision by stimulating proliferation, migration or both proliferation and migration of endogenous mammalian retinal stem cells in a mammal in need thereof, the method comprising administering an effective amount of a pyrimidine derivative of formula (1) or (2), or a pharmaceutically acceptable salt thereof, for an effective period to the mammal, wherein R1 to R8 independently represent a hydrogen atom, a lower alkyl group, CH 3 OCH 2 CH 2 —, CH 2 CONH 2 , —COCH 3 , —COC 2 H 5 or —CH 2 OCOC 2 H 5 , and X represents NH, N—CH 3 , N—C 2 H 5 , N-ph, N—COOC 2 H 5 , N—SO 2 CH 3 , CH 2 , CHCH 3 , CHC 2 H 5 , —O— or —S— in which ph stands for a phenyl group.",0.4979450799538175,0.995890159907635,0,,Model response: No,0,
9543781,"1. Apparatus for inductively transmitting electrical energy from a stationary unit to a mobile unit adjacent to the stationary unit, wherein the apparatus has a coil and a flux guide unit for guiding of a magnetic flux that appears during the operation of the apparatus with at least one ferromagnetic body having a multiplicity of individual elements, wherein the flux guide unit has the basic form of a plate and is situated on one side of the coil, perpendicular to its winding axis, in such a way that it, at least partially, covers the cross-sectional area of the coil, in that the ferromagnetic body is composed of individual elements with an anisotropic magnetic permeability, and, as a whole, has an anisotropic magnetic permeability, and in that in a viewing plane that lies perpendicular to the winding axis of the coil and in those areas in which a ferromagnetic body with an anisotropic permeability covers winding sections of the coil, the individual elements of the ferromagnetic body are aligned, relative to the coil, in such a manner that the preferred direction of the magnetic permeability in which it has the greatest magnitude in the viewing plane is, at least approximately, perpendicular to the winding sections of the coil.",0.5020915309150776,0.9958169381698448,1,,Model response: Yes,1,after research it’s “wirelessly” charing car batteries
9224440,"1. A method of writing data to a memory device, the method comprising: receiving and buffering data in a first volatile memory space; modifying the buffered data responsive to receiving a command including a flush portion issued with a last write command; based on a determination that the flush portion of the command is active, storing the modified buffered data in a second volatile memory space; and writing at least portions of the modified buffered data from the second volatile memory space to a first non-volatile memory device.",0.4978511013079987,0.9957022026159974,1,,Model response: Yes,0,
9309339,"1. A mid-range vinylidene content, high viscosity PIB polymer composition comprising PIB molecules, wherein a first portion of said PIB molecules have alpha position double bonds and a second portion of said PIB molecules have beta position double bonds, wherein said first and second portions together include at least 80 mole % of the PIB molecules of the composition, wherein said first portion includes less than 75 mole % of the PIB molecules of the composition, and wherein no more than 10 mole % of the PIB molecules of the composition have tetra-substituted double bonds, said composition having a polydispersity of no more than 2.7; and being further characterized in that the composition has a kinematic viscosity as measured at 100° C. in accordance with Test Method ASTM D 445 in the range of 3000 cSt to 5000 cSt, a number average molecular weight, Mn, in the range of 2800 Daltons to 4000 Daltons and a ratio of Mn:PDI of greater than 1100.",0.5022339704855086,0.9955320590289828,0,,Model response: No,0,but is y02??
8962975,"1. A sealant composition for insulation of moisture sensitive devices, comprising: at least one ethylene-octene copolymer; a maleic anhydride modified polyolefin; an ethylene-vinyl acetate copolymer; at least one inert filler; at least one moisture scavenger; and at least one stabilizing or antioxidant preserving agent.",0.5023418796027431,0.9953162407945138,1,,Model response: Yes,0,but is y02??
8382893,"1. A cementitious composition, comprising: a dry mix having a total weight of substantially 100 pounds, the dry mix including a quantity of water in an amount up to four gallons per 100 pounds dry mix; between 4 ounces and 14 ounces of superplasticizer per 100 pounds of dry mix; and between 2 ounces and 16 ounces of shrinkage reduction agent per 100 pounds of dry mix; and between 0.1 ounce and 2 ounces of non-ionic surfactant per 100 pounds of dry mix.",0.5024701794469997,0.9950596411060006,0,,Model response: No,1,"regarding concerete, all new developments are probably green"
9633870,"1. A method of forming an interconnect structure, the method comprising: providing a contact pad and a connector over a substrate, the substrate having a major surface; forming a passivation layer over at least a portion of the contact pad and over at least a portion of the connector; forming a post-passivation layer over the passivation layer, wherein forming the post-passivation layer comprises:",0.5026236589076962,0.9947526821846076,1,,Model response: Yes,0,
8496928,"1. A method for inhibiting or decreasing cardiomyocyte apoptosis associated with cardiotoxic chemotherapeutic treatment in a subject receiving a cardiotoxic chemotherapeutic agent causing cardiomyocyte apoptosis, said method comprising delivering BRCA1 polynucleotide operably linked to a promoter to the heart of the subject so that BRCA1 is expressed in cardiomyocytes thereby inhibiting or decreasing cardiomyocyte apoptosis associated with administration of the cardiotoxic chemotherapeutic treatment to said subject, wherein the BRCA1 polynucleotide comprises (a) human BRCA1 gene (SEQ ID NO:1) or an isoform selected from SEQ ID NO:2, SEQ ID NO:3, SEQ ID NO:4, SEQ ID NO:5, SEQ ID NO:6, SEQ ID NO:7, SEQ ID NO:8, SEQ ID NO:9, SEQ ID NO:10, SEQ ID NO:11 and SEQ ID NO:12; b) a nucleotide sequence encoding the full-length BRCA1 polypeptide encoded by human BRCA1 gene (SEQ ID NO:1) or by an isoform selected from SEQ ID NO:2, SEQ ID NO:3, SEQ ID NO:4, SEQ ID NO:5, SEQ ID NO:6, SEQ ID NO:7, SEQ ID NO:8, SEQ ID NO:9, SEQ ID NO:10, SEQ ID NO:11 and SEQ ID NO:12; or (c) a nucleotide sequence complementary to (a) or (b).",0.4973697862535231,0.9947395725070464,0,,Model response: No,0,
9120269,"1. A device for producing an object by a production method comprising: a material reservoir, for storing a powdered or granular material, a construction platform, and a device for feeding a layer of the powdered or granular material onto the construction platform or onto at least one material layer located on the construction platform, the device for feeding the layer of the material being linearly movable along a motion plane, along which the material reservoir and the construction platform are positioned adjacent to one another and which can be deflected orthogonally thereto, and wherein the device for feeding the layer of the material includes a circulating band stretched around at least two bodies, which at least in segments press against at least two bodies; a drive for moving the band around the at least two bodies; the circulating band includes a band segment fixedly assignable relative to at least one body in a direction of motion of the band around the at least two bodies; the band segment has a surface area facing toward the material reservoir and the construction platform and is inclined in relation to the motion plane by an angle and encloses a wedge-shaped spatial region between the band surface area and the motion plane; and at least a part of the band segment contacts the powdered or granular material stored in the material reservoir during linear motion of the segments from the material reservoir to the construction platform so that at least a portion of material in the reservoir is stripped off from the material reservoir so that at least the portion collects in the wedge-shaped spatial region and is deposited in a material layer on the construction platform to form a compressed material layer.",0.4972728465225779,0.994545693045156,1,,Model response: Yes,1,"I would never have guessed my self, but after reading more i can see maybe why it got the y02. Problem with my hitl approach i gain bias"
9386649,"1. A method for controlling at least one LED strip including a multiplicity of LEDs connected in series, wherein each of the LEDs is separately connected by a switching element and a controller connects the switching elements for connecting the LEDs by outputting drive pulses, wherein the brightness generated by the LEDs is adjusted by means of pulse-width modulation by changing the ON period of an LED within a drive frame, and the LEDs connected in series are driven temporally offset to one another, the method comprising the steps of: in the event of a shift in the on-time of at least one LED, the controller inserts at least one additional drive pulse to switch on the LEDs if the interval of the on-times of an LED in the time frame before the shift and in the drive frame after the shift is so large that the interval arising therefrom exceeds a first threshold, and/or the controller reduces at least one drive pulse for switching on the LEDs to curtail the on-time of the LEDs if the interval of the on-times of an LED in the time frame before the shift and in the time frame after the shift is so small that the interval arising therefrom drops below a second threshold.",0.5028090867424853,0.9943818265150296,0,,Model response: No,1,"This is right on the edge. Generally, controlling LED’s is for efficiencies sake, but in this case, it’s for safety"
8778858,"1. A method for lubricating a transmission, comprising supplying thereto a lubricant comprising: an oil of lubricating viscosity; and a hydrocarbyl amine, the hydrocarbyl group thereof having about 12 to about 22 carbon atoms, said amine having one or two groups in addition to said hydrocarbyl group, on one or more amine nitrogen atoms thereof, such additional group or groups independently being of the structure —R wherein the amine comprises two groups of the structure —R",0.4971174061204142,0.9942348122408284,0,,Model response: No,0,
8707655,"1. A roof mount, comprising: a bracket adapted for attachment to a roof surface, said bracket further including a first threaded attachment element; a sheet member having a top surface and a bottom surface for disposition facing the roof surface, said sheet member further including: a body having an end with a second threaded attachment element configured to engage said first threaded attachment element, wherein at least a portion of said bottom surface of said raised section of said sheet member is compressed against a top surface of said bracket when said first and second threaded attachment elements are threadably engaged.",0.5028969054554111,0.9942061890891778,1,,Model response: Yes,0,"turns out its a brace for “things like solar panels” which therefore goes under green tech, or at least it has the y02 tag"
8974967,1. An electronic device comprising: a carbon nanotube film having a plurality of carbon nanotubes that includes a porous structure; an inorganic material configured and arranged to provide a membrane including the plurality of carbon nanotubes embedded within the membrane; and a conductive electrode coupled to the carbon nanotube film for conducting current therefrom.,0.5029528490472532,0.9940943019054936,0,,Model response: No,1,"reading the abstract mentions batteries and such. Besides, carbon nanotubes should tip off that it could be green."
9078864,"1. A method of treating a microbial infection in an animal by stimulating the innate antimicrobial peptide defense system, the method comprising administering to the animal a medicament comprising a compound, wherein the compound is 4-phenylbutyric acid and wherein the infection is a bacterial infection caused by a microbial species selected from the group consisting of",0.4968840395611257,0.9937680791222516,1,,Model response: Yes,0,"has the tag y02, would have never guesssed"
9087001,"1. A method for virtualizing multiple networked machines using a predetermined network recovery policy, the method comprising: identifying multiple image backups of the multiple networked machines based on a designation of the multiple image backups of the multiple networked machines received from a user; determining an order for booting the multiple networked machines as multiple networked virtual machines; determining network settings for the multiple networked machines when booted as the multiple networked virtual machines; prior to booting the multiple networked machines as the multiple networked virtual machines, storing the order and the network settings in the predetermined network recovery policy; and subsequent to the storing and in response to receiving a command to implement the predetermined network recovery policy, booting the multiple networked machines as the multiple networked virtual machines from the multiple image backups in the order stored in the predetermined network recovery policy and with the network settings stored in the predetermined network recovery policy.",0.4968367305245541,0.9936734610491084,1,,Model response: Yes,0,
9651042,"1. A displacement pump comprising a pot-shaped housing, a rotor swivel-mounted in the housing and at least one blade guided movably inside the rotor, wherein the blade tip contacts an inner peripheral wall of the housing and divides an internal space into chambers when the displacement pump is operating, and wherein a locking mechanism inhibits the displacement of the blade inside the rotor, wherein the locking mechanism engages the blade tractionally or frictionally, and a control element is located on the side of the housing which is moveable in axial direction via a drive system and which actuates the locking mechanism, wherein a rotation decoupling and an axial movement coupling are provided between the control element and the locking mechanism for decoupling rotational movement in the axial direction of the locking mechanism in relation to the control element on the side of the housing.",0.503231768124306,0.993536463751388,1,,Model response: Yes,0,
9362913,"1. An integrated circuit, comprising: a first circuit that includes a plurality of sub-circuits, wherein at least first and second sub-circuits in the plurality of sub-circuits are functionally equivalent to a third sub-circuit in the plurality of sub-circuits; and a second circuit that receives at least three signals from the first circuit, wherein the second circuit computes a sum of the at least three signals in a first mode, wherein the second circuit produces a majority signal based on a majority vote function of the at least three signals in a second mode, wherein the first, second, and third sub-circuits produce the at least three signals and receive the same signals, and wherein the at least three signals produced by the sub-circuits are different than the signals received by the sub-circuits.",0.4967559899815126,0.9935119799630252,1,,Model response: Yes,0,
9505812,"1. An immunogenic composition comprising a nucleic acid sequence expressed by a suitable expression system, wherein said nucleic acid sequence expresses an isolated protein expressed by Plasmodium falciparum sporozoites encoded by the locus PFD0485, wherein the isolated protein has the amino acid sequence of SEQ ID No. 8 and wherein said isolated protein is expressed from a nucleotide sequence inserted into a suitable expression vector capable of protein expression in a mammal, wherein the nucleotide sequence comprises the nucleotide sequence of SEQ ID No. 7, wherein said suitable expression vector is a DNA plasmid or replicating or nonreplicating viral vector.",0.4967406158007443,0.9934812316014888,1,,Model response: Yes,0,"apparently anti malaria vaccine. Is y02, and could be argued as such. Depending on what the objective is, one could chose."
8722861,"1. A monoclonal antibody that binds specifically to an epitope present in the V3 loop of the envelope glycoprotein gp120 of the AIDS virus, which is any one selected from the following antibodies: (a) an antibody having the amino acid sequence shown in SEQ ID NO: 1 as the amino acid sequence of a H chain variable region (VH), and having the amino acid sequence shown in SEQ ID NO: 2 as the amino acid sequence of a L chain variable region (VL); and (b) an antibody having the amino acid sequence shown in SEQ ID NO: 3 as the amino acid sequence of a H chain variable region (VH), and having the amino acid sequence shown in SEQ ID NO: 4 as the amino acid sequence of a L chain variable region (VL).",0.5034413178361149,0.9931173643277702,0,,Model response: No,0,Aids is not caused by climate change (as malaria can be argued to be)
8940150,"1. A reactor for production of a fluid reaction product, comprising: a reaction chamber; a plurality of fluid connections to supply fluid reactants to the reaction chamber; a reception chamber located directly below the reaction chamber; a transfer device providing a fluid connection between the reaction chamber and the reception chamber so that the reception chamber receives a fluid reaction product produced in the reaction chamber wherein the transfer device includes an inner tube and an outer tube arranged co-axially around the inner tube so that both tubes are arranged essentially perpendicularly to a floor of the reaction chamber, the inner tube passing through the reaction chamber floor and opening into the reception chamber, there being a first gap with a gap width between the inner and outer tubes, which width is suitable to allow the fluid reaction product to rise in the gap as a result of lifting forces, and the outer tube having an upper end and a closure included at the upper end; a control unit; and a first device, arranged in the reaction chamber to be in direct contact with the supplied fluids to determine a filling level, the first device comprising at least one switching point which is operatively coupled with the control unit such that the supply of the fluid reactants into the reaction chamber is controlled and carried out sequentially.",0.5036290389148037,0.9927419221703926,1,,Model response: Yes,0,wtf
9593663,"1. A photo-ignition torch, comprising: an light source configured to generate at least one of ultraviolet, visible, and infrared light; a photo-ignitable sub-micron particle mix; and a transparent capsule proximate the light source and containing the photo-ignitable sub-micron particle mix, wherein the exposure of the photo-ignitable sub-micron particle mix to the at least one of ultraviolet, visible, and infrared light initiates a photo-ignition process causing a pressure increase in the transparent capsule and a release of burning byproducts of the photo-ignition process.",0.4963586131362813,0.9927172262725626,1,,Model response: Yes,0,
9172391,"1. A sigma-delta analog to digital converter (ADC) comprising a decimation counter and a decimation filter, wherein the decimation counter is configured to start from a value greater than 0 to provide an adjustable delay.",0.5037065192860714,0.9925869614278572,1,,Model response: Yes,0,
8897184,"1. A wireless backplane network comprising: a first antenna system partially located in a first network device cabinet including at least one first network device; a first millimeter wave antenna of the first antenna system located external to the first device cabinet and configured to communicate with the first network device, the first millimeter wave antenna configured to wirelessly transmit a data message from the first network device over a high speed wireless backplane using emitted millimeter wave electromagnetic radiation; a second antenna system partially located in a second network device cabinet including at least one second network device, wherein the first and second device cabinets are positioned spatially apart from one another; and a second millimeter wave antenna of the antenna system coupled to the second antenna system and located external to the second device cabinet, the second millimeter wave antenna configured to wirelessly receive the data message over the high speed wireless backplane using millimeter wave electromagnetic radiation emitted from the first millimeter wave antenna, wherein the received data message is handled by the second network device.",0.4962065759071431,0.9924131518142862,1,,Model response: Yes,1,optimizing data centers will be green
8609563,1. A sintered product comprising in percentages by weight based on the oxides: Cr 2%<Al 0.5%≦TiO ZrO SiO,0.5038806801044479,0.9922386397911044,0,,Model response: No,0,too little info
9582626,"1. A method for a static timing analysis of an integrated circuit design, the method comprising: on a computer device having a processor configured to simulate, with a simulator, timing of the circuit design:",0.496081993541794,0.992163987083588,1,,Model response: Yes,0,
9160628,"1. A method, comprising: receiving data, from a plurality of components arranged as a plurality of multicast trees in a network, indicating a structure of at least a portion of the network and attributes associated with the components; receiving at least one search criterion specifying a particular quantitative difference between one or more of the attributes that are associated with different ones of the components; and determining, by a computing device and based on the data including the structure of the at least a portion of the network indicated by the data, at least one of the plurality of multicast trees that meet the at least one search criterion.",0.4958148593271425,0.991629718654285,1,,Model response: Yes,0,
8797080,"1. A circuit, comprising: a first delay model circuit configured to provide a first output signal by modeling a delay of a signal through a path; a second delay model circuit configured to provide a second output signal by modeling the delay of the signal through the path; a switch circuit coupled to the first and second delay model circuits and configured to select between the first and second output signals to provide a delayed output signal; and a compare circuit coupled to the first and second delay model circuits and configured to compare a third signal from the first delay model circuit and a fourth signal from the second delay model circuit, and, in response provide an adjustment signal to adjust the delay of the second delay model circuit.",0.5041934470912353,0.9916131058175296,1,,Model response: Yes,0,
9794877,"1. A transmission method comprising: a data receiving step of receiving continuous data from a network, the continuous data including actual data and null data; a packetizing step of deleting at least a part of the null data from the continuous data to generate a packet for wireless communication; a transmitting step of modulating the packet into a radio carrier wave and wirelessly transmitting the resulting packet, wherein the transmitting step switches between a packet of fixed length with a predetermined data amount, and a packet of variable length with a variable data amount; and a control step of causing transmission of the radio carrier wave in the transmitting step to be stopped during at least a part of a time period in which no such packet is transmitted wirelessly.",0.4957863162232839,0.991572632446568,1,,Model response: Yes,1,"optimizing data transfers, seems green"
8408155,"1. A marine vessel comprising: a command module; first and second buoyant tubular foils; and first and second struts for connecting the first and second buoyant tubular foils to the command module, respectively; wherein the first and second buoyant tubular foils provide substantially all of the buoyancy required for the marine vessel; and wherein the marine vessel further comprises a plurality of spoilers mounted on the first and second buoyant tubular foils for steering the marine vessel as it moves through the water; wherein some of the spoilers are disposed on the leading ends of the first and second buoyant tubular foils and some of the spoilers are disposed on the trailing ends of the first and second tubular foils; and wherein the marine vessel further comprises a control system for coordinating the disposition of the spoilers, such that when a spoiler disposed on the leading end of a buoyant tubular foil is activated, a diametrically-opposed spoiler disposed on the trailing end of that same buoyant tubular foil is also activated.",0.4954285050911567,0.9908570101823136,1,,Model response: Yes,0,GREEN BUT IS AN ATTACK DRONE ON WATER?
9344033,"1. A variable capacitance circuit comprising: a plurality of variable capacitance elements each having a capacitance value controlled by an inter-terminal voltage applied between terminals of the variable capacitance element, and connected in parallel to each other; and a control section adapted to control the inter-terminal voltage of each of the plurality of variable capacitance elements, wherein: a variable characteristic of a combined capacitance value of the plurality of variable capacitance elements becomes variable taking a predetermined capacitance value as a base, the inter-terminal voltage of at least one of the plurality of variable capacitance elements is set to a first voltage as a variable voltage, the inter-terminal voltage of the rest of the plurality of variable capacitance elements is set to a second voltage as a stationary voltage, the second voltage takes a voltage higher than a minimum voltage value of the variable voltage and lower than a maximum voltage value of the variable voltage, the control section controls the inter-terminal voltage of each of the plurality of variable capacitance elements to be set to one of the first voltage and the second voltage, and the control section includes a switch adapted to exclusively select one of the first voltage and the second voltage.",0.495384620713073,0.990769241426146,0,,Model response: No,0,but is y02??
9560558,"1. A User Equipment (UE) comprising a processor and transceiver configured to: determine whether a broadcast paging message in a Licensed Shared Access (LSA) frequency band instructing the UE to move to a primary Long Term Evolution (LTE) frequency band from the LSA frequency band has been received from Evolved Node B (eNB) associated with the primary LTE frequency band; after a determination that the broadcast paging message has been received from the eNB, determine whether a system information broadcast has been received from the eNB, the system formation broadcast comprising primary LTE frequency band information; after a determination that the system information broadcast has been received from the eNB, extract handover parameters from the received system information broadcast for moving to the primary LTE frequency band; and stop communication on the LSA frequency band and synchronize communications with the eNB after extraction of the handover parameters.",0.495367848970868,0.990735697941736,1,,Model response: Yes,0,
9172436,"1. A wireless power transfer device comprising: a power transmitter including a power transmission resonator composed of a power transmission coil and a resonant capacitance; a power receiver including a power receiving resonator composed of a power receiving coil and a resonant capacitance; and a power-transmission auxiliary device including an auxiliary resonator composed of an auxiliary coil and a resonant capacitance, thereby transferring power from the power transmitter to the power receiver through magnetic field resonance between the power transmission coil and the power receiving coil, wherein the power-transmission auxiliary device and the power transmitter are configured to be disposed so as to face each other, forming a power receiving space for disposing the power receiving coil between the power transmission coil and the auxiliary coil, a resonant frequency ft of a power transmission-side resonant system composed of the power transmission resonator and the auxiliary resonator appears as two resonant frequencies of a lower resonant frequency ftL and a higher resonant frequency ftH by a close coupling between the power transmission resonator and the auxiliary resonator, and a resonant frequency f",0.5046601866717039,0.9906796266565924,0,,Model response: No,1,wireless charging 
9223727,"1. An input-output circuit that connects a USB connector and an internal circuit to each other, the USB connector being configured by five pins including an identification terminal used for identifying a connected accessory device, a data plus terminal and a data minus terminal that form a differential pair, a power supply terminal, and a ground terminal, the input-output circuit comprising: a power supply detecting circuit for determining whether the connected accessory device includes a charger by detecting a feeding of power from outside of the input-output circuit; an identification terminal voltage detecting circuit that detects a voltage of the identification terminal produced by a current provided by the identification terminal voltage detecting circuit being provided to an identification resistance in the connected accessory device; a control unit that controls a charging circuit for charging an electronic device connected to the input-output circuit using the power supply terminal and the ground terminal when the accessory device includes a charger and controls a switching unit in accordance with the connected accessory device based on a detection result acquired through the identification terminal voltage detecting circuit; and a video switch that is inserted into a signal line connecting a video circuit included in the internal circuit and the identification terminal, wherein the USB connector can be connected to a video cable including one video signal line and two stereo audio signal lines, the identification terminal can be connected to the video signal line, and the data plus terminal and the data minus terminal can be connected to the stereo audio signal lines, and when a first voltage representing that the video cable is connected to the USB connector is detected by the identification terminal voltage detecting circuit and then a second voltage representing that the video cable is terminated with specified impedance is detected corresponding to an external display device, the control unit turns on the video switch.",0.5047892502933139,0.9904214994133722,1,,Model response: Yes,0,
8466751,"1. A precise, low-consumption low-frequency oscillator, comprising: a low-consumption low-frequency oscillator A, operating at a frequency F a temperature-compensated quartz (TCXO) oscillator B used as a frequency standard, operating at a frequency F a digital circuit suitable for supplying a stable frequency Fcor comprising at least:",0.4951784339216742,0.9903568678433484,1,,Model response: Yes,1,low consumption = green
8760129,"1. A driver circuit for providing a modulated load current to a load, the driver circuit comprising: a controllable current source operably coupled to the load and configured to sink or source a first current in accordance with a control signal; a controllable switch responsive to an input signal, the controllable switch operably coupled to the current source and configured to take over, or not take over, the first current in accordance with the input signal, such that the first current is directed as a load current through the load when the controllable switch is driven into a blocking state, and the first current is directed through the controllable switch when the controllable switch is driven into a conducting state thus bypassing the load, wherein the controllable switch comprises a bypass transistor having a main current path coupled to the controllable current source, the bypass transistor configured to be switched on and off in accordance with the input signal; and a further transistor coupled between the controllable current source and the load, the further transistor configured to be driven with an inverted version of the input signal provided to the bypass transistor; wherein the input signal includes a first series of pulses defining a desired load current waveform in accordance with a desired modulation scheme; and wherein the controllable current source is controlled such that the first current is ramped up before a pulse of the input signal and ramped down after the pulse to achieve desired ramp-up and ramp-down times.",0.5048563595160731,0.9902872809678538,1,,Model response: Yes,1,"light control, possibly led control"
9640807,"1. An integrated fluorine gasket manufactured by injection molding for hydrogen fuel cells, wherein the integrated fluorine gasket comprises a fluorine compound and a thin bipolar plate, wherein the thin bipolar plate has a thickness of about 200 μm or less, wherein the fluorine compound is injection molded on the thin bipolar plate and first cross-linked, wherein the integrated fluorine gasket has a thickness of about 750 μm or less, wherein the fluorine compound comprising a fluoroelastomer has a fluorine content of about 60 to 75 parts by weight based on 100 parts by weight of the fluoroelastomer, wherein the fluorine compound has Mooney viscosity of about 10 to 24 in a condition of ISO 289-1(2005): ML(1+4)/125° C., and wherein the fluorine compound has a scorch time of about 1.7 to 3.0 minutes that is measured by using a moving die rheometer (MDR) based on ISO 6502:1999(E) in a condition of temperature about 185° C./oscillation amplitude 0.5°/time 10 minutes.",0.4950911310221206,0.9901822620442412,0,,Model response: No,1,"hydrogen fuel? Come on, that’s green!"
9013254,"1. A manual disconnect, comprising: a hermetically sealed housing comprising internal components for changing the state of said disconnect between connect and disconnect states, said housing comprising a cup for holding said internal components and a header covering said cup with an airtight seal, said internal components comprising a diaphragm structure in communication with at least one movable contact, said diaphragm structure arranged such that a force applied to said diaphragm structure causes it to flex and interact with said at least one moveable contact, causing said at least one moveable contact to change position; terminals electrically connected to said internal components for connection to external circuitry; and an external manual mechanism for controlling said internal components as needed to change the state of said disconnect between said connect and disconnect states.",0.495009017210027,0.990018034420054,1,,Model response: Yes,0,
9496878,"1. A phase-locked loop circuit, comprising: a phase detection unit configured to compare a phase of a feedback clock with a phase of an input clock; a clock generation unit configured to generate a first clock by adjusting a frequency of the feedback clock or the input clock based on a result of the comparison of the phase detection unit; a first division unit configured to receive the first clock from the clock generation unit, generate an output clock of the phase-locked loop circuit by dividing the first clock at a first division ratio in test mode or by dividing the first clock at a second division ratio that is lower than the first division ratio in normal mode, and output the output clock of the phase-locked loop circuit; and a second division unit configured to receive the output clock of the phase-locked loop circuit from the first division unit, and generate the feedback clock by dividing the output clock at a third division ratio, wherein the output clock of the phase-locked loop circuit is a multiplication of the frequency of the input clock and the third division ratio of the second division unit.",0.4949681455154735,0.989936291030947,1,,Model response: Yes,0,
8586583,"1. A compound which is selected from the group consisting of: N-[5-[4-(5-{[4-(1-methylethyl)-1-piperazinyl]methyl})-1,3-oxazol-2-yl)-1H-indazol-6-yl]-2-(methyloxy)-3-pyridinyl]methanesulfonamide; N-[5-[4-(5-{[(2R,6S)-2,6-dimethyl-4-morpholinyl]methyl}-1,3-oxazol-2-yl)-1H-indazol-6-yl]-2-(methyloxy)-3-pyridinyl]-2,4-difluorobenzenesulfonamide; 2,4-difluoro-N-[5-[4-(5-{[4-(1-methylethyl)-1-piperazinyl]methyl}-1,3-oxazol-2-yl)-1H-indazol-6-yl]-2-(methyloxy)-3-pyridinyl]benzenesulfonamide; 4-(5-{[(2R,6S)-2,6-dimethyl-4-morpholinyl]methyl}-1,3-oxazol-2-yl)-6-(1H-indol-4-yl)-1H-indazole; 6-(1H-indol-4-yl)-4-[5-(4-morpholinylmethyl)-1,3-oxazol-2-yl]-1H-indazole; 6-(1H-indol-4-yl)-4-[5-(1-piperazinylmethyl)-1,3-oxazol-2-yl]-1H-indazole; and a salt thereof.",0.5050587601154141,0.989882479769172,0,,Model response: No,0,but is y02??
9060370,"1. A base station which is a first base station of a plurality of base stations in a wireless communication system, the first base station comprising: a transmission unit which transmits, when a mobile station performs a handover from the first base station to a second base station, information to the second base station, wherein the information comprises first Discontinuous Reception (DRX) configuration information and time that the mobile station stays in RRC Connected state at the first base station; and a reception unit which receives, from the second base station, second DRX configuration information in response to receiving the first DRX configuration information at the second base station from the first base station.",0.5051668977260322,0.9896662045479356,1,,Model response: Yes,1,when reading the abstract it focuses on power consumption reduction
8574912,"1. A method for collecting particles of interest from each of a plurality of sample vials, comprising the steps of: (a) loading a plurality of sample vials containing particles of interest suspended in respective fluid samples into respective locations within a loading station; (b) removing an individual first sample vial from its respective location in the loading station; (c) transferring the individual first sample vial to a specimen collection apparatus; (d) collecting particles of interest from the individual first sample vial; (e) returning the individual first sample vial to its respective location in the loading station; and (f) repeating steps (b) through (e) for each remaining sample vial of the plurality to collect respective particles of interest until all of the sample vials have been processed.",0.4948041456013597,0.9896082912027194,0,,Model response: No,0,
9848282,"1. A method of communicating data in a wireless communication system including a sever communicating with a plurality of devices, the method comprising: determining, by a first device which operates as a gateway mode and which belongs to a first network, whether the first device is able to discover a second network; if the first device is unable to discover the second network, transmitting, by the first device, a discovery request message to a second device, which belongs the first network and which operates as an entity mode; in response to the discovery request message, receiving, by the first device from the second device, a discovery response message including information on a third device belonging to the second network; and transmitting, by the first device to the second device, a bridge request message to enable the second device operates as a bridge for coupling the first network and the second network, wherein a device operating as the entity mode communicates with the server via a device operating as the gateway mode.",0.4948033411741032,0.9896066823482064,1,,Model response: Yes,0,
9111021,"1. A bio-medical unit for implanting into a body, the bio-medical unit comprises: a power harvesting module operable to generate a power supply voltage from a modulated magnetic resonance imaging signal; an electromagnetic communication module powered by the power supply voltage and operable to: a processing module operable to: a function module operable to:",0.4947872479692882,0.9895744959385764,1,,Model response: Yes,0,
8957047,"1. A method of treating a mammal who suffers from cancer, comprising administering an effective amount of a composition comprising GLA, said composition comprising: (a) GLA of the formula: wherein: R R (b) a pharmaceutically acceptable carrier or excipient; wherein the composition does not comprise antigen.",0.5053132927068203,0.9893734145863592,1,,Model response: Yes,0,
9810548,"1. A method of providing barometric calibration data to a given user equipment in a mobile communications network, the method comprising: a network node receiving a respective calibration request from each one of a plurality of user equipments, the plurality of user equipments including the given user equipment, establishing at least one subset of the plurality of user equipments which includes the given user equipment based on the calibration requests, determining the barometric calibration data for the established at least one subset, and sending the barometric calibration data at least to the given user equipment.",0.5054864084506238,0.9890271830987524,1,,Model response: Yes,0,the french patent is nuclear fuel related
9347187,"1. An emitter system, comprising: a structural frame; and one or more emitter panels situated within the structural frame, wherein the metal frame is insulated with a layer of a high-density ceramic, wherein each emitter panel comprises a serpentine wire positioned between the high-density ceramic and a sheet of a micaceous material exhibiting biaxial birefringence, wherein each emitter panels is configured such that, in use, energy generated by each emitter panel passes through the sheet of micaceous material.",0.5057826329226054,0.9884347341547892,0,,Model response: No,0,
8808947,"1. A polymer compound represented by the following Formula (2): wherein, in Formula (2), R",0.5057991301165733,0.9884017397668534,1,,Model response: Yes,0,
9185860,"1. A hybrid maize variety X90C510 seed, wherein representative seed is produced by crossing a first plant of variety PHWPD with a second plant of variety PH1M52, and wherein representative seed of said varieties PHWPD and PH1M52 have been deposited under ATCC Accession Number PTA-11978 and PTA-122235, respectively.",0.4941967498903286,0.9883934997806572,0,,Model response: No,0,
9591574,"1. A method to configure wireless circuitry in a wireless communication device, the method comprising: by the wireless communication device:",0.4941524296292032,0.9883048592584064,1,,Model response: Yes,0,but is y02 due to power reduction
9063532,"1. A state machine engine comprising: a state machine lattice comprises a plurality of configurable elements; an instruction buffer configured to provide a first instruction associated with an operation of the state machine engine; and an instruction insertion register configured to provide a second instruction associated with the operation of the state machine engine, wherein the state machine engine is configured to remove the first instruction from the instruction buffer in response to an indication that the operation of the state machine engine should be interrupted, wherein the instruction insertion register is configured to provide the second instruction to the state machine lattice in response to an indication that the operation of the state machine may be resumed, wherein the indication that the operation of the state machine engine may be resumed comprises an indication that the state machine lattice is able to analyze data and wherein the second instruction comprises an initialization instruction to indicate that instructions from the instruction buffer are forthcoming.",0.4940407714831838,0.9880815429663676,1,,Model response: Yes,0,
9606790,"1. A server system for updating electronic modules installed in respective vehicle models in a vehicle fleet, comprising: a database of update files maintained in the server system for reflashing of respective electronic modules; a depletion database maintained in the server system storing data defining a respective current draw by the electronic modules involved in each respective reflashing and defining a respective reflash time associated with each respective update file when applied in each respective vehicle model; a telematics unit within each vehicle model communicating data wirelessly to and from each vehicle model; a controller in the server system coupled to the databases and configured to A) receive pedigree information from a particular one of the respective vehicles to the server system via the telematics unit, B) identify relevant update files and corresponding current draw and reflash time data for outdated modules in the particular vehicle in response to the pedigree information, C) send the relevant update files and corresponding data to the particular vehicle model, D) receive a report of an actual reflash time from the particular vehicle model after applying a respective update file via the telematics unit, E) receive a report of an actual current draw from the particular vehicle model via the telematics unit after applying the respective update file, and F) updating the current draw and reflash time data maintained on the server system in response to the reported actual reflash time and actual current draw.",0.505993372745416,0.988013254509168,1,,Model response: Yes,1,might relate to electric vehicles
9727967,"1. A system comprising: a processor configured to execute computer-readable instructions to,",0.4939402989066833,0.9878805978133666,1,,Model response: Yes,0,
8523977,"1. A method of desulfurizing a silicon killed steel comprising the steps of: forming a slag over a molten metal, drawing a vacuum to less than 5 torr over the combination of slag and molten metal, stirring the molten metal and slag, deoxidizing and desulfurizing the molten metal and slag to degas the steel reducing at least sulfur, nitrogen, oxygen, and hydrogen contents, and reducing activity of oxygen in the molten metal to less than 30 ppm, and forming a slag composition after degassing the steel comprising:",0.5061586859718651,0.9876826280562698,1,,Model response: Yes,1,recycling steel
8892824,"1. A method for performing various store-operate instructions in a parallel computing environment that includes a plurality of processors and at least one cache memory device, the method comprising: receiving, from a processor, a store-operate instruction that specifies a condition under which a cache coherence operation is to be invoked, said condition being a particular value that is in the received instruction from the processor, the received instruction specifying the particular value as zero; running the received store-operate instruction to obtain a result value; evaluating whether the result value of the running the received store-operate instruction is the particular value; invoking a cache coherence operation on a cache memory address associated with the received store-operate instruction if the result value is the particular value; and otherwise, not invoking the cache coherence operation on the cache memory device, wherein the parallel computing environment includes a network in which packets are communicated out-of-order among the processors and delivered out-of-order to a network adaptor, a counter that decrements a counter value upon receiving a packet, and the network adaptor that issues a StoreAddCoherenceOnZero instruction, at least one cache memory device in responding to the issued StoreAddCoherenceOnZero instruction to perform the cache coherence operation only when the counter value becomes zero and to avoid or omit performance of the cache coherence operation on an arrival of each packet.",0.4937195736145264,0.9874391472290528,1,,Model response: Yes,0,
8692683,"1. An electronic device comprising: an illuminable indicator to indicate information to a user of the electronic device by one or more of being illuminated and not being illuminated; a presence detector to detect presence of the user in proximity to the electronic device regardless of whether the user is moving or is stationary, where absence of the user is to be inferred upon the presence detector not detecting the presence of the user; a controller to enable the illuminable indicator based at least on the presence of the user as detected by the presence detector and to disable the illuminable indictor based at least on the absence of the user, wherein enablement of the illuminable indicator does not mean that the illuminable indicator is necessarily illuminated, and wherein disablement of the illuminable indicator means that the illuminable indicator is never illuminated while disabled, regardless of whether the information should otherwise result in the illuminable indicator being illuminated.",0.4937190105569127,0.9874380211138254,1,,Model response: Yes,0,but is y02
9388725,"1. A reducing agent tank, comprising: a container main body which has an opening formed in an upper face and stores a reducing agent; a heat exchanger which performs heat exchange with said reducing agent; and a top cover which covers said opening and supports said heat exchanger, said heat exchanger including a first pipeline which guides a heat exchange medium into said container main body, a second pipeline which allows a heat exchange medium to flow out from said container main body, and a turning portion, said first pipeline and said second pipeline communicating with each other through said turning portion, each of said first pipeline and said second pipeline having a suspended portion which extends from said top cover toward a bottom face of said container main body, an extension portion which extends from a lower end of said suspended portion along said bottom face toward a side face of said container main body, and a rising portion which extends from a leading end of said extension portion along said side face toward said upper face of said container main body, a length of each said extension portion along said bottom face being larger than a maximum inside length passing through a center of said opening, said rising portion of said first pipeline, said rising portion of said second pipeline, and said turning portion forming a leading end bent portion of said heat exchanger, a rising length of said leading end bent portion along said side face being smaller than a minimum inside length passing through a center of said opening.",0.5063523947120481,0.987295210575904,1,,Model response: Yes,0,
9297394,1. A transportation vessel comprising: at least one metal product having a surface comprising:,0.5063928383604198,0.9872143232791604,1,,Model response: Yes,0,
9434812,"1. A polymer comprising repeating units of formula (I) shown below: wherein A is a group of formula IVa, IVc, IVe, IVg, IVh, IVi, IVj, or IVk shown below wherein R D is",0.506499597705988,0.987000804588024,1,,Model response: Yes,0,
9070849,"1. A method comprising: first attaching a plurality of side-emitting light emitting diodes to a first plate; second attaching said plurality of side-emitting light emitting diodes to a second plate; creating a pattern of reflective surfaces between said first and second plates; and removing a substrate connected to the first plate attached to said plurality of side-emitting light emitting diodes; wherein said reflective surfaces are configured to reflect light from said plurality of side-emitting light emitting diodes through at least one of said plates, and wherein said first and second attaching and said creating form a light emitting diode apparatus.",0.5065373506100179,0.9869252987799642,1,,Model response: Yes,0,
8810841,"1. A print data processing system comprising: a plurality of main interpretation devices that interpret print data described in a page description language and generate print image data to be supplied to a printer; auxiliary interpretation devices that interpret the print data, generate print image data to be supplied to the printer, and are not powered on when the plurality of main interpretation devices are powered on; and an allocation device that divides the print data in prescribed units and allocates interpretation processing of divided print data of the respective units to the plurality of main interpretation devices, wherein the allocation device includes a load evaluation unit that evaluates the loads of the plurality of main interpretation devices, and a power-on unit that, when the loads of the plurality of main interpretation devices evaluated by the load evaluation unit exceed a prescribed on threshold value, and an amount of a portion of the print data not allocated to the plurality of main interpretation devices exceeds a prescribed first residual amount threshold value, the power-on unit powers on the auxiliary interpretation devices, and processing of divided print data of the respective units is allocated to the auxiliary interpretation devices after power-on, wherein the first residual amount threshold value is a value on the basis of a number of pages processed by the main interpretation devices for a necessary time required until the auxiliary interpretation devices are available to process the print data after having been powered on.",0.4934375149258886,0.9868750298517772,1,,Model response: Yes,0,nothing is green when it comes to printers..
8976405,"1. A printing apparatus comprising: a storage unit; a driving unit for driving the storage unit; a first determination unit configured to, in a case where first data that is not print data is received, determine whether or not access to the storage unit is required with reception of the first data; a control unit configured to cause the printing apparatus to execute transition from a sleep state to a first operation state in a case where the first determination unit determined that the access to the storage unit is required with reception of the first data, wherein power consumption of the first operation state is lower than power consumption of a normal operation state and the storage unit is turned on in the first operation state, and wherein power consumption of the sleep state is lower than power consumption of the first operation state; a reception unit configured to receive second data which requires access to the storage unit; a history information management unit configured to manage a first history information relating to time of reception of the first data and a second history information relating to time of reception of the second data; and an estimation unit configured to calculate an estimation time which is a period of time until a next reception of data that requires access to the storage unit, based on a difference between the first history information and the second history information, wherein the control unit causes the printing apparatus to execute transition from the first operation state to a second operation state in a case where the estimation time exceeds a threshold of a period of time decided based on an amount of power consumption for driving the driving unit, wherein power consumption of the second operation state is lower than that in the normal operation and the storage device is turned off in the second operation state, wherein the control unit causes the printing apparatus to maintain in the first operation state in a case where the estimation time does not exceed the threshold.",0.4934336308145505,0.986867261629101,1,,Model response: Yes,0,
8709793,"1. A bioreactor device, comprising: at least one millifluidic bioreactor chamber for containing a sample greater than about 10 μL in volume, in local medium volume of less than approximately 1 mL, the bioreactor chamber configured to deliver a plurality of types of mechanical and electrical stimulation to a sample contained in the bioreactor chamber; plates on opposing sides of the bioreactor chamber for containing the sample there between; the bioreactor chamber including at least one inlet flow channel and at least one outlet flow channel, the inlet and outlet flow channels configured for periodic and/or continuous perfusion of the medium through the bioreactor chamber; an optical port for obtaining measurements of the sample contained in the bioreactor chamber; and a fluid circuit in connection with the bioreactor chamber for controlling perfusion of the medium to the bioreactor chamber, wherein the fluid circuit includes a reservoir having at least one septum that divides the reservoir into multiple compartments and regulates fluid flow and fluid mixing between the multiple compartments.",0.5065890194731397,0.9868219610537206,1,,Model response: Yes,0,sounds like scifi
9627014,1. A system comprising: a shared memory unit; and an arbiter configured to,0.5066513900935675,0.986697219812865,1,,Model response: Yes,0,
9181573,"1. A method for the production of a polypeptide of interest by a eukaryotic host cell, which method comprises modifying a value of a set of relevant protein features in an amino acid backbone of the polypeptide to fall within an optimal range or to become closer to an optimal value for one or more protein features in the eukaryotic host, wherein said protein features are properties that can be calculated from the protein amino acid sequence and DNA sequence, the method comprising the steps of: (i) providing a sequence for the polypeptide of interest, (ii) determining an optimal range and an optimal value for one or more protein features in the eukaryotic host, (iii) determining a set of relevant protein features in the eukaryotic host, which features will improve secretion of the polypeptide by the eukaryotic host if one or more of said relevant features is modified in the amino acid backbone of the polypeptide of interest, and (iv) modifying the sequence for the polypeptide of interest such that the value of the relevant protein features falls within the optimal range or closer to the optimal value as determined in (i), and (v) producing the modified polypeptide by the eukaryotic host cell, wherein said method improves the secretion of said polypeptide of interest, wherein the specificity and/or specific activity of the polypeptide after said modifying substantially remains the same as before improvement of the secretion, wherein (i) and (ii) may be performed in any order, wherein the relevant set of protein features is determined by:",0.5067392484426336,0.9865215031147327,1,,Model response: Yes,0,
9415601,"1. A printing apparatus to which a liquid vessel for containing liquid is fixed, and configured such that a user can supply the liquid to the liquid vessel, comprising: a sensor for performing remaining liquid detection for checking whether or not the liquid is present at a predetermined position in the liquid vessel; a control unit that executes the remaining liquid detection using the sensor; a consumption calculation unit that calculates consumption of the liquid that is consumed from the liquid vessel; and a storage unit that updates and stores the consumption of the liquid calculated by the consumption calculation unit, wherein, when a print job is being executed, the control unit executes the remaining liquid detection after a first predetermined amount of the liquid is consumed.",0.493209739084026,0.986419478168052,1,,Model response: Yes,0,
8852885,"1. A method for using sucrose to produce an oil comprising triacylglycerides that comprise ricinoleic acid, or a product produced from the oil, the method comprising: cultivating a cell of a recombinant oleaginous microalga of the species feeding sucrose to the cell so as to produce the oil comprising triacylglycerides comprising ricinoleic acid, wherein the ricinoleic acid is detectable by gas chromatography-mass spectrometry.",0.5068222468052196,0.9863555063895608,1,,Model response: Yes,1,bio oil microbes?
8992993,"1. A particle, comprising: a material comprising a first polymer backbone bonded to an anti-proliferative therapeutic agent via a 1,2,3-triazole group, wherein said anti-proliferative therapeutic agent further comprises a second polymer backbone selected from the group consisting of polyvinyl alcohol and polyglycolic acid, said anti-proliferative therapeutic agent selected from the group consisting of paclitaxel, 5-fluorouracil, cisplatin, methotrexate, doxorubicin, vinblastine, vincristine, epothilones, endostatin, angiostatin and angiopeptin.",0.5069271461210493,0.9861457077579014,1,,Model response: Yes,0,
9264504,"1. A method for a subscription service comprising: registering a subscription for a subscriber device, the subscription comprising: an identifier of at least one mobile device for which the subscriber device wishes to periodically receive network-related device presence data; and pre-defined criteria specifying conditions for automatically delivering the network-related device presence data of the at least one mobile device to the subscriber device without the subscriber device having to actively poll for the network-related device presence data; identifying, via the device presence proxy, one or more network infrastructure nodes providing service to the at least one mobile device; obtaining network data from the identified network infrastructure nodes for the at least one mobile device, the network data associated with the network service provided to the at least one mobile device, and wherein obtaining the network data includes comprises communicating with a first network infrastructure node to identify a second network infrastructure node that is capable of providing network the network-related device presence data; determining that at least a portion of the network data is associated with the subscription and that the at least a portion of the network data satisfies the pre-defined criteria associated with the subscription registered; and providing the network data to the subscriber device according to the subscription, upon the determination via an application programming interface associated with the device presence proxy to a second application programming interface associated with the subscriber device.",0.4930391829116895,0.986078365823379,1,,Model response: Yes,0,
9723508,"1. A user equipment UE to be used in a wireless communication network, the UE comprising: receiver circuitry to receive a downlink channel signal from a serving cell and to receive downlink control information for an interfering cell; and processing circuitry to:",0.492950237193514,0.985900474387028,1,,Model response: Yes,0,but is y02
